date,description,debit,credit,balance,note
2026-10-05,Withdrawal from MTN (pocket),0,36000,36000,physical cash received
2026-10-05,Cooking oil purchase,4500,,31500,expense from cash
2026-10-05,Paracetamol purchase,1000,,30500,medication
2026-10-05,Cetrizine purchase,1000,,29500,medication
2026-10-05,ORIS purchase,2000,,27500,expense
2026-10-05,Given to Leuben (Askari) for ORIS,1500,,26000,cash out to agent
2026-10-05,8 Eggs at 500 each,4000,,22000,food purchase
2026-10-05,Piece of Chicken at Club17,6000,,16000,food purchase
2026-10-05,Packet of ORIS,5000,,11000,purchase
2026-10-05,Airtel Airtime,2000,,9000,airtime
2026-10-05,Transport Allowance Feza Events (U) Ltd,0,2000,11000,income
2026-10-05,UG Plastic debt clearance (Club17),7000,,4000,paid from cash - debt cleared
2026-10-06,Transport to Home (Club17 to home),1000,,3000,transport expense morning 6 Oct
2026-10-06,Given to daughter for school transport,3000,,0,gave remaining cash to daughter for school transport
