date,creditor,description,amount,credit,balance,status,due_date,category
2026-10-05,Club17,2 Sodas,4000,4000,4000,owed,,social
2026-10-05,Club17,UG 200ml Plastic,7000,7000,11000,owed - CLEARED 07-Oct,,social
2026-10-05,Club17,Tusker Malt (Beer),5000,5000,16000,owed,,social
2026-10-05,Patricia,Personal loan,100000,100000,116000,owed,,loan
2026-10-05,Remmy Nalutaya,Personal loan,220000,220000,336000,owed,,loan
2026-10-05,Ahmed Sameer,Personal loan,300000,300000,636000,owed,,loan
2026-10-05,Britney,Previous school fees balance,50000,50000,686000,owed,2026-10-15,school
2026-10-05,Beverly,Previous school fees balance (Beverly School),145000,145000,831000,owed,2026-10-15,school
2026-10-07,Club17,UG 200ml Plastic - CLEARED,-7000,-7000,824000,paid in full,,social
2026-10-05,Landlord,September Rent (unpaid),800000,800000,1624000,owed,2026-10-31,rent
2026-10-05,Landlord,October Rent (unpaid),800000,800000,2424000,owed,2026-10-31,rent
2026-10-05,Club17 Management,Rent balance Sept (paid 300k of 450k due) - unpaid balance,150000,150000,2574000,owed,2026-10-31,rent
2026-10-05,Club17 Management,October Rent (Club17 venue),400000,400000,2974000,owed,2026-10-31,rent
2026-10-05,Maid at home,Salary for June-Sept (4 months),320000,320000,3294000,owed,2026-10-31,salary
2026-10-06,MTN MomoAdvance,MomoAdvance shortfall (sent 13000 + 500 fee; 997 available; MTN advanced 12503),12503,12503,3306503,owed,2026-10-31,loan
