date,item,quantity,unit_price_ugx,total_ugx,category,note
2026-09-10,Boiled Chicken,1,10000,10000,food,
2026-09-10,Boiled Chicken,1,10000,10000,food,
2026-09-10,Boiled Chicken,1,10000,10000,food,
2026-09-10,Boiled Chicken,1,10000,10000,food,
2026-09-10,Chips & Salad,1,2000,2000,food,
2026-09-10,Chips & Eggs,1,5000,5000,food,
2026-09-11,Boiled Chicken,1,10000,10000,food,
2026-09-11,Boiled Chicken,1,10000,10000,food,
2026-09-11,Boiled Chicken,1,10000,10000,food,
2026-09-11,Chips & Eggs,1,4000,4000,food,
2026-09-11,Boiled Chicken,1,10000,10000,food,
2026-09-11,Chips & Eggs,1,5000,5000,food,
2026-09-11,Chapati & Beef,1,5000,5000,food,
2026-09-11,Chips & Eggs,1,5000,5000,food,
2026-09-11,Chapati & Beef,1,3000,3000,food,
2026-09-12,Boiled Chicken,1,10000,10000,food,
2026-09-12,Boiled Chicken,1,10000,10000,food,
2026-09-12,Boiled Chicken,1,10000,10000,food,
2026-09-12,Boiled Chicken,1,10000,10000,food,
2026-09-12,Chapati & Beef,1,5000,5000,food,
2026-09-12,Chapati & Beef,1,5000,5000,food,
2026-09-12,Chips & Eggs,1,5000,5000,food,
2026-09-12,Black Tea,1,2000,2000,drink,
2026-09-12,Chapati,1,1000,1000,food,
2026-09-12,Chips,1,3000,3000,food,
2026-09-12,Chips,1,3000,3000,food,
2026-09-12,Chapati,1,1000,1000,food,
2026-09-12,Boiled Chicken,1,10000,10000,food,
2026-09-12,Boiled Goat,1,10000,10000,food,
2026-09-12,Boiled Goat,1,5000,5000,food,
