priority,item,description,estimated_cost_ugx,category,purpose,status,notes
1,MacBook Air M2,Apple MacBook Air M2 laptop,2500000,freelancing,Primary work machine — core income-generating tool,saving,Nothing else in the setup functions without this
2,Mac Mini M4,Apple Mac Mini M4 desktop,3500000,freelancing,Secondary/dedicated desktop for heavier freelance work,saving,Complements MacBook; expands compute capacity
3,Mac Stand,Mac Mini or MacBook stand,220000,freelancing,Elevates Mac Mini/MacBook for better ergonomics and desk space,saving,Pairs directly with Mac Mini M4
4,34 Inch Monitor,34-inch widescreen monitor,1800000,freelancing,Expanded screen real estate for both machines,saving,Boosts productivity directly on MacBook and Mac Mini
5,Electric Adjustable Desk,Electric adjustable desk 120x60cm up to 1.5m high,1550000,freelancing,Workspace foundation; everything sits on it,saving,Ergonomic standing/sitting capability
6,Ergonomic Chair,Ergonomic office chair,690000,freelancing,Long session comfort; pairs with adjustable desk,saving,Essential for extended freelancing sessions
7,Logitech MX Master 3S,Logitech MX Master 3S wireless mouse,380000,freelancing,Precision input; works across MacBook and Mac Mini,saving,Multi-device switching capability
8,Aula Mini 60HE Max,Aula Mini 60HE Max mechanical keyboard,280000,freelancing,Primary keyboard for freelancing setup,saving,Compact 60% layout; pairs with MX Master 3S
9,Quntis Bar Lamp,Quntis monitor bar lamp,350000,freelancing,Workspace lighting mounted on monitor,saving,Reduces eye strain during long freelancing sessions
10,Mouse Pad,Large desk mouse pad,50000,freelancing,Surface for MX Master 3S and Aula keyboard,saving,Final peripheral; lowest cost and priority
